INSERT INTO GALPAO(ID, NOME_GALPAO) VALUES(1, 'Galpao Moema');
INSERT INTO GALPAO(ID, NOME_GALPAO) VALUES(2, 'Galpao Santo Amaro');
INSERT INTO GALPAO(ID, NOME_GALPAO) VALUES(3, 'Galpao Liberdade');
INSERT INTO GALPAO(ID, NOME_GALPAO) VALUES(4, 'Galpao Berrini');
INSERT INTO GALPAO(ID, NOME_GALPAO) VALUES(5, 'Galpao Pinheiros');

INSERT INTO ANDAR(ID, NUMERO_ANDAR, GALPAO_ID) VALUES(1, 1, 1);
INSERT INTO ANDAR(ID, NUMERO_ANDAR, GALPAO_ID) VALUES(2, 2, 1);
INSERT INTO ANDAR(ID, NUMERO_ANDAR, GALPAO_ID) VALUES(3, 1, 2);
INSERT INTO ANDAR(ID, NUMERO_ANDAR, GALPAO_ID) VALUES(4, 1, 3);
INSERT INTO ANDAR(ID, NUMERO_ANDAR, GALPAO_ID) VALUES(5, 1, 4);

INSERT INTO PATIO(ID, NUMERO_PATIO, ANDAR_ID) VALUES(1, 1, 1);
INSERT INTO PATIO(ID, NUMERO_PATIO, ANDAR_ID) VALUES(2, 2, 1);
INSERT INTO PATIO(ID, NUMERO_PATIO, ANDAR_ID) VALUES(3, 3, 1);
INSERT INTO PATIO(ID, NUMERO_PATIO, ANDAR_ID) VALUES(4, 1, 2);
INSERT INTO PATIO(ID, NUMERO_PATIO, ANDAR_ID) VALUES(5, 2, 2);

INSERT INTO BLOCO(ID, LETRA_BLOCO, PATIO_ID) VALUES(1, 'A', 1);
INSERT INTO BLOCO(ID, LETRA_BLOCO, PATIO_ID) VALUES(2, 'B', 1);
INSERT INTO BLOCO(ID, LETRA_BLOCO, PATIO_ID) VALUES(3, 'C', 1);
INSERT INTO BLOCO(ID, LETRA_BLOCO, PATIO_ID) VALUES(4, 'D', 1);
INSERT INTO BLOCO(ID, LETRA_BLOCO, PATIO_ID) VALUES(5, 'E', 1);

INSERT INTO VAGA(ID, NUMERO_VAGA, BLOCO_ID) VALUES(1, 1, 1);
INSERT INTO VAGA(ID, NUMERO_VAGA, BLOCO_ID) VALUES(2, 2, 1);
INSERT INTO VAGA(ID, NUMERO_VAGA, BLOCO_ID) VALUES(3, 3, 1);
INSERT INTO VAGA(ID, NUMERO_VAGA, BLOCO_ID) VALUES(4, 4, 1);
INSERT INTO VAGA(ID, NUMERO_VAGA, BLOCO_ID) VALUES(5, 5, 1);

INSERT INTO MOTO (ID, STATUS, MODELO, MARCA, PLACA, CHASSI, VAGA_ID) VALUES (1, 'Disponivel', 'CG 160', 'Honda', 'ABC1234', '9C2KC0810FR123456', 1);
INSERT INTO MOTO (ID, STATUS, MODELO, MARCA, PLACA, CHASSI, VAGA_ID) VALUES (2, 'Em uso', 'Fazer 250', 'Yamaha', 'DEF5678', '9C2JC4110RR123456',2);
INSERT INTO MOTO (ID, STATUS, MODELO, MARCA, PLACA, CHASSI, VAGA_ID) VALUES (3, 'Manutencao', 'Ninja 400', 'Kawasaki', 'GHI9012', 'JKAEX8A1XKDA12345', 3);
INSERT INTO MOTO (ID, STATUS, MODELO, MARCA, PLACA, CHASSI, VAGA_ID) VALUES (4, 'Disponivel', 'MT-03', 'Yamaha', 'JKL3456', '9C6KE0810FR789012', 4);
INSERT INTO MOTO (ID, STATUS, MODELO, MARCA, PLACA, CHASSI, VAGA_ID) VALUES (5, 'Em uso', 'CB 500F', 'Honda', 'MNO7890', '9C2PC0810FR345678', 4);

INSERT INTO USUARIO (ID, NOME, USERNAME, SENHA, CARGO) VALUES (1, 'Joâo Silva', 'jsilva', '$2a$10$cWmYOtcwKUpOu2xNwMdX.ODgeUNd4bCBrNeMLDJYdTlXWeOoO.AS2', 'ADMINISTRADOR');

INSERT INTO CARGO (ID, NOME) VALUES (1, 'ADMINISTRADOR');
INSERT INTO CARGO (ID, NOME) VALUES (2, 'OPERADOR');
INSERT INTO CARGO (ID, NOME) VALUES (3, 'SUPERVISOR');

INSERT INTO USUARIO_CARGO (USUARIO_ID, CARGO_ID) VALUES (1,1);